lon,lat,depth_m,source,dist_km,slope_m_per_km
-51.0,26.0,-4990.14,ETOPO_2022_v1_15s_bed_elev,0.0,-19.270304336910883
-50.9,26.0,-5182.73,ETOPO_2022_v1_15s_bed_elev,9.994133804680342,-1.147172954061375
-50.8,26.0,-5013.07,ETOPO_2022_v1_15s_bed_elev,19.988267609360683,8.44545426842987
-50.7,26.0,-5013.92,ETOPO_2022_v1_15s_bed_elev,29.982401414040318,16.052916954630064
-50.6,26.0,-4692.2,ETOPO_2022_v1_15s_bed_elev,39.97653521872066,25.074709314242085
-50.5,26.0,-4512.72,ETOPO_2022_v1_15s_bed_elev,49.97066902340101,8.280857712875815
-50.4,26.0,-4526.68,ETOPO_2022_v1_15s_bed_elev,59.96480282808134,-9.896805659503912
-50.3,26.0,-4710.54,ETOPO_2022_v1_15s_bed_elev,69.95893663276169,-10.76131279627569
-50.2,26.0,-4741.78,ETOPO_2022_v1_15s_bed_elev,79.95307043744133,3.8182398540757845
-50.1,26.0,-4634.22,ETOPO_2022_v1_15s_bed_elev,89.94720424212167,-11.485237464626039
-50.0,26.0,-4971.35,ETOPO_2022_v1_15s_bed_elev,99.94133804680202,-18.84555517075387
-49.9,26.0,-5010.91,ETOPO_2022_v1_15s_bed_elev,109.93547185148235,30.170198427681015
-49.8,26.0,-4368.3,ETOPO_2022_v1_15s_bed_elev,119.92960565616268,28.743861710702134
-49.7,26.0,-4436.37,ETOPO_2022_v1_15s_bed_elev,129.9237394608423,-10.316551890841822
-49.6,26.0,-4574.51,ETOPO_2022_v1_15s_bed_elev,139.91787326552267,-11.169552277529306
-49.5,26.0,-4659.63,ETOPO_2022_v1_15s_bed_elev,149.91200707020303,-8.3904219854181
-49.4,26.0,-4742.22,ETOPO_2022_v1_15s_bed_elev,159.90614087488333,-14.242354843532382
-49.3,26.0,-4944.31,ETOPO_2022_v1_15s_bed_elev,169.9002746795637,-15.429551276148231
-49.2,26.0,-5050.63,ETOPO_2022_v1_15s_bed_elev,179.89440848424334,11.966019500757994
-49.1,26.0,-4705.13,ETOPO_2022_v1_15s_bed_elev,189.88854228892365,36.30980003790401
-49.0,26.0,-4324.86,ETOPO_2022_v1_15s_bed_elev,199.88267609360403,19.6195091872967
-48.9,26.0,-4312.97,ETOPO_2022_v1_15s_bed_elev,209.87680989828436,-15.936848866823283
-48.8,26.0,-4643.41,ETOPO_2022_v1_15s_bed_elev,219.8709437029647,-34.5177487856385
-48.7,26.0,-5002.92,ETOPO_2022_v1_15s_bed_elev,229.86507750764432,-8.186302244793751
-48.6,26.0,-4807.04,ETOPO_2022_v1_15s_bed_elev,239.8592113123247,17.75941802148779
-48.5,26.0,-4647.94,ETOPO_2022_v1_15s_bed_elev,249.85334511700498,19.07619046592282
-48.4,26.0,-4425.74,ETOPO_2022_v1_15s_bed_elev,259.84747892168537,24.04310415450604
-48.3,26.0,-4167.36,ETOPO_2022_v1_15s_bed_elev,269.8416127263657,5.875946945245602
-48.2,26.0,-4308.29,ETOPO_2022_v1_15s_bed_elev,279.83574653104534,-1.803057708870199
-48.1,26.0,-4203.4,ETOPO_2022_v1_15s_bed_elev,289.82988033572565,0.8860197564949601
-48.0,26.0,-4290.58,ETOPO_2022_v1_15s_bed_elev,299.82401414040606,-13.874138840833353
-47.9,26.0,-4480.72,ETOPO_2022_v1_15s_bed_elev,309.8181479450863,5.710349802728388
-47.8,26.0,-4176.44,ETOPO_2022_v1_15s_bed_elev,319.81228174976667,14.889234315665021
-47.7,26.0,-4183.11,ETOPO_2022_v1_15s_bed_elev,329.80641555444635,4.4606166848717805
-47.6,26.0,-4087.28,ETOPO_2022_v1_15s_bed_elev,339.80054935912665,11.870963739192575
-47.5,26.0,-3945.83,ETOPO_2022_v1_15s_bed_elev,349.79468316380706,8.529003279912132
-47.4,26.0,-3916.8,ETOPO_2022_v1_15s_bed_elev,359.78881696848737,-6.036040859463924
-47.3,26.0,-4066.48,ETOPO_2022_v1_15s_bed_elev,369.78295077316767,-6.919058855066879
-47.2,26.0,-4055.1,ETOPO_2022_v1_15s_bed_elev,379.7770845778473,8.889214586900238
-47.1,26.0,-3888.8,ETOPO_2022_v1_15s_bed_elev,389.77121838252765,0.06954079398809654
-47.0,26.0,-4053.71,ETOPO_2022_v1_15s_bed_elev,399.76535218720807,7.374826217104243
-46.9,26.0,-3741.39,ETOPO_2022_v1_15s_bed_elev,409.7594859918883,25.715585264592278
-46.8,26.0,-3539.7,ETOPO_2022_v1_15s_bed_elev,419.7536197965687,-6.909553278912966
-46.7,26.0,-3879.5,ETOPO_2022_v1_15s_bed_elev,429.74775360124835,-18.41480248281556
-46.6,26.0,-3907.78,ETOPO_2022_v1_15s_bed_elev,439.7418874059287,-4.349551531883918
-46.5,26.0,-3966.44,ETOPO_2022_v1_15s_bed_elev,449.736021210609,-1.5419045113027607
-46.4,26.0,-3938.6,ETOPO_2022_v1_15s_bed_elev,459.73015501528937,29.47929312913783
-46.3,26.0,-3377.2,ETOPO_2022_v1_15s_bed_elev,469.7242888199698,16.041410204543553
-46.2,26.0,-3617.96,ETOPO_2022_v1_15s_bed_elev,479.7184226246494,-24.845074606038025
-46.1,26.0,-3873.81,ETOPO_2022_v1_15s_bed_elev,489.71255642932965,-22.417150338239594
-46.0,26.0,-4066.04,ETOPO_2022_v1_15s_bed_elev,499.70669023400995,-6.22465150215092
-45.9,26.0,-3998.23,ETOPO_2022_v1_15s_bed_elev,509.7008240386903,7.52641514212803
-45.8,26.0,-3915.6,ETOPO_2022_v1_15s_bed_elev,519.6949578433707,-9.972850268758663
-45.7,26.0,-4197.57,ETOPO_2022_v1_15s_bed_elev,529.6890916480504,12.99362231263774
-45.6,26.0,-3655.88,ETOPO_2022_v1_15s_bed_elev,539.6832254527307,37.188315392170296
-45.5,26.0,-3454.24,ETOPO_2022_v1_15s_bed_elev,549.677359257411,10.737799002625252
-45.4,26.0,-3441.25,ETOPO_2022_v1_15s_bed_elev,559.6714930620914,-0.9490567352178232
-45.3,26.0,-3473.21,ETOPO_2022_v1_15s_bed_elev,569.6656268667717,-4.275508096558781
-45.2,26.0,-3526.71,ETOPO_2022_v1_15s_bed_elev,579.6597606714513,12.847036322433667
-45.1,26.0,-3216.42,ETOPO_2022_v1_15s_bed_elev,589.6538944761317,-11.267109506504767
-45.0,26.0,-3751.92,ETOPO_2022_v1_15s_bed_elev,599.6480282808121,-50.18343858525512
-44.9,26.0,-4219.5,ETOPO_2022_v1_15s_bed_elev,609.6421620854924,13.46539906609803
-44.8,26.0,-3482.77,ETOPO_2022_v1_15s_bed_elev,619.6362958901726,80.25708037092753
-44.7,26.0,-2615.3,ETOPO_2022_v1_15s_bed_elev,629.6304296948523,12.248685318053958
-44.6,26.0,-3237.94,ETOPO_2022_v1_15s_bed_elev,639.6245634995327,-38.111857159809375
-44.5,26.0,-3377.09,ETOPO_2022_v1_15s_bed_elev,649.618697304213,-11.554778258614022
-44.4,26.0,-3468.9,ETOPO_2022_v1_15s_bed_elev,659.6128311088934,3.179365077653813
-44.3,26.0,-3313.54,ETOPO_2022_v1_15s_bed_elev,669.6069649135737,13.433880576736726
-44.2,26.0,-3200.38,ETOPO_2022_v1_15s_bed_elev,679.6010987182533,17.32516327917409
-44.1,26.0,-2967.24,ETOPO_2022_v1_15s_bed_elev,689.5952325229338,-5.1380140594030195
-44.0,26.0,-3303.08,ETOPO_2022_v1_15s_bed_elev,699.5893663276141,-38.13787242086994
-43.9,26.0,-3729.55,ETOPO_2022_v1_15s_bed_elev,709.5835001322944,-23.37271088872265
-43.8,26.0,-3770.26,ETOPO_2022_v1_15s_bed_elev,719.5776339369747,9.51207997190238
-43.7,26.0,-3539.42,ETOPO_2022_v1_15s_bed_elev,729.5717677416544,0.7214232009417856
-43.6,26.0,-3755.84,ETOPO_2022_v1_15s_bed_elev,739.5659015463347,-16.922427026221953
-43.5,26.0,-3877.67,ETOPO_2022_v1_15s_bed_elev,749.560035351015,14.769664173484728
-43.4,26.0,-3460.62,ETOPO_2022_v1_15s_bed_elev,759.5541691556954,27.119909068364592
-43.3,26.0,-3335.59,ETOPO_2022_v1_15s_bed_elev,769.5483029603757,-10.755809567976968
-43.2,26.0,-3675.61,ETOPO_2022_v1_15s_bed_elev,779.5424367650553,-39.84787554210135
-43.1,26.0,-4132.08,ETOPO_2022_v1_15s_bed_elev,789.5365705697357,-9.566611961431647
-43.0,26.0,-3866.83,ETOPO_2022_v1_15s_bed_elev,799.5307043744161,35.34923655260167
-42.9,26.0,-3425.51,ETOPO_2022_v1_15s_bed_elev,809.5248381790965,14.447475171122392
-42.8,26.0,-3578.05,ETOPO_2022_v1_15s_bed_elev,819.5189719837766,-1.0070907791207162
-42.7,26.0,-3445.64,ETOPO_2022_v1_15s_bed_elev,829.5131057884562,0.6443780047248708
-42.6,26.0,-3565.17,ETOPO_2022_v1_15s_bed_elev,839.5072395931368,-19.623511535152403
-42.5,26.0,-3837.88,ETOPO_2022_v1_15s_bed_elev,849.501373397817,-14.84170643488261
-42.4,26.0,-3861.83,ETOPO_2022_v1_15s_bed_elev,859.4955072024974,4.471122847992433
-42.3,26.0,-3748.51,ETOPO_2022_v1_15s_bed_elev,869.4896410071777,5.649814291415112
-42.2,26.0,-3748.9,ETOPO_2022_v1_15s_bed_elev,879.4837748118574,-20.23937281140553
-42.1,26.0,-4153.06,ETOPO_2022_v1_15s_bed_elev,889.4779086165377,-5.598284062777111
-42.0,26.0,-3860.8,ETOPO_2022_v1_15s_bed_elev,899.472042421218,11.684854563915366
-41.9,26.0,-3919.5,ETOPO_2022_v1_15s_bed_elev,909.4661762258984,2.987252380593361
-41.8,26.0,-3801.09,ETOPO_2022_v1_15s_bed_elev,919.4603100305787,-12.943092670967332
-41.7,26.0,-4178.21,ETOPO_2022_v1_15s_bed_elev,929.4544438352583,-11.100511777025702
-41.6,26.0,-4022.97,ETOPO_2022_v1_15s_bed_elev,939.4485776399387,-0.11456720736137527
-41.5,26.0,-4180.5,ETOPO_2022_v1_15s_bed_elev,949.4427114446191,-13.748565176869135
-41.4,26.0,-4297.78,ETOPO_2022_v1_15s_bed_elev,959.4368452492995,3.2989352198349593
-41.3,26.0,-4114.56,ETOPO_2022_v1_15s_bed_elev,969.4309790539796,21.66420864793858
-41.2,26.0,-3864.75,ETOPO_2022_v1_15s_bed_elev,979.4251128586593,11.938503359254383
-41.1,26.0,-3875.93,ETOPO_2022_v1_15s_bed_elev,989.4192466633398,-2.1077364393636344
-41.0,26.0,-3906.88,ETOPO_2022_v1_15s_bed_elev,999.4133804680199,-13.098683943844037
-40.9,26.0,-4137.75,ETOPO_2022_v1_15s_bed_elev,1009.4075142727005,-20.238372224441918
-40.8,26.0,-4311.41,ETOPO_2022_v1_15s_bed_elev,1019.4016480773806,-15.646178353823643
-40.7,26.0,-4450.49,ETOPO_2022_v1_15s_bed_elev,1029.3957818820602,14.01372072228952
-40.6,26.0,-4031.3,ETOPO_2022_v1_15s_bed_elev,1039.3899156867406,15.986878215016475
-40.5,26.0,-4130.94,ETOPO_2022_v1_15s_bed_elev,1049.3840494914211,-24.338777602325678
-40.4,26.0,-4517.79,ETOPO_2022_v1_15s_bed_elev,1059.3781832961015,-14.855714652376406
-40.3,26.0,-4427.88,ETOPO_2022_v1_15s_bed_elev,1069.3723171007819,-3.335956937498622
-40.2,26.0,-4584.47,ETOPO_2022_v1_15s_bed_elev,1079.3664509054613,9.938330018502143
-40.1,26.0,-4229.23,ETOPO_2022_v1_15s_bed_elev,1089.3605847101417,-3.075304033412692
-40.0,26.0,-4645.94,ETOPO_2022_v1_15s_bed_elev,1099.354718514822,-24.926122150109393
-39.9,26.0,-4727.46,ETOPO_2022_v1_15s_bed_elev,1109.3488523195024,-17.81695177190946
-39.8,26.0,-5002.07,ETOPO_2022_v1_15s_bed_elev,1119.3429861241827,-22.862411537155992
-39.7,26.0,-5184.44,ETOPO_2022_v1_15s_bed_elev,1129.3371199288624,4.378568553834327
-39.6,26.0,-4914.55,ETOPO_2022_v1_15s_bed_elev,1139.3312537335428,37.617066906183
-39.5,26.0,-4432.54,ETOPO_2022_v1_15s_bed_elev,1149.325387538223,12.154129849965017
-39.4,26.0,-4671.61,ETOPO_2022_v1_15s_bed_elev,1159.3195213429033,-13.21425173816985
-39.3,26.0,-4696.67,ETOPO_2022_v1_15s_bed_elev,1169.3136551475834,-15.608156049197248
-39.2,26.0,-4983.59,ETOPO_2022_v1_15s_bed_elev,1179.3077889522633,-13.31681190196636
-39.1,26.0,-4962.85,ETOPO_2022_v1_15s_bed_elev,1189.301922756944,8.7056068790329
-39.0,26.0,-4809.58,ETOPO_2022_v1_15s_bed_elev,1199.2960565616243,18.521865287946582
-38.9,26.0,-4592.63,ETOPO_2022_v1_15s_bed_elev,1209.2901903663044,-2.409413408965719
-38.8,26.0,-4857.74,ETOPO_2022_v1_15s_bed_elev,1219.2843241709847,-18.384284580416164
-38.7,26.0,-4960.1,ETOPO_2022_v1_15s_bed_elev,1229.2784579756644,-11.735884499072512
-38.6,26.0,-5092.32,ETOPO_2022_v1_15s_bed_elev,1239.2725917803446,0.236138523469549
-38.5,26.0,-4955.38,ETOPO_2022_v1_15s_bed_elev,1249.2667255850251,10.596716240721264
-38.4,26.0,-4880.51,ETOPO_2022_v1_15s_bed_elev,1259.2608593897055,-2.946228315075558
-38.3,26.0,-5014.27,ETOPO_2022_v1_15s_bed_elev,1269.2549931943856,-1.8015568284230596
-38.2,26.0,-4916.52,ETOPO_2022_v1_15s_bed_elev,1279.2491269990653,7.40984676083923
-38.1,26.0,-4866.16,ETOPO_2022_v1_15s_bed_elev,1289.243260803746,-2.8476704991357735
-38.0,26.0,-4973.44,ETOPO_2022_v1_15s_bed_elev,1299.237394608426,-7.761052785152515
-37.9,26.0,-5021.29,ETOPO_2022_v1_15s_bed_elev,1309.2315284131064,0.03401995677108971
-37.8,26.0,-4972.76,ETOPO_2022_v1_15s_bed_elev,1319.2256622177867,13.934674352147596
-37.7,26.0,-4742.76,ETOPO_2022_v1_15s_bed_elev,1329.2197960224664,-0.26715671934809393
-37.6,26.0,-4978.1,ETOPO_2022_v1_15s_bed_elev,1339.2139298271468,-1.7670365781699786
-37.5,26.0,-4778.08,ETOPO_2022_v1_15s_bed_elev,1349.208063631827,14.15180172330372
-37.4,26.0,-4695.23,ETOPO_2022_v1_15s_bed_elev,1359.2021974365073,4.398079999630966
-37.3,26.0,-4690.17,ETOPO_2022_v1_15s_bed_elev,1369.1963312411879,-8.912228087070275
-37.2,26.0,-4873.37,ETOPO_2022_v1_15s_bed_elev,1379.1904650458675,-27.356547885317497
-37.1,26.0,-5236.98,ETOPO_2022_v1_15s_bed_elev,1389.1845988505477,-21.847316062323813
-37.0,26.0,-5310.06,ETOPO_2022_v1_15s_bed_elev,1399.1787326552283,-4.549168631173075
-36.9,26.0,-5327.91,ETOPO_2022_v1_15s_bed_elev,1409.1728664599086,14.504008334581357
-36.8,26.0,-5020.15,ETOPO_2022_v1_15s_bed_elev,1419.1670002645888,11.730381270770522
-36.7,26.0,-5093.44,ETOPO_2022_v1_15s_bed_elev,1429.1611340692684,-13.789589242387706
-36.6,26.0,-5295.78,ETOPO_2022_v1_15s_bed_elev,1439.1552678739486,-28.98050052765572
-36.5,26.0,-5672.71,ETOPO_2022_v1_15s_bed_elev,1449.149401678629,-8.14377729882807
-36.4,26.0,-5458.56,ETOPO_2022_v1_15s_bed_elev,1459.1435354833095,0.2156264907105765
-36.3,26.0,-5668.4,ETOPO_2022_v1_15s_bed_elev,1469.1376692879899,-15.399033373750626
-36.2,26.0,-5766.36,ETOPO_2022_v1_15s_bed_elev,1479.1318030926693,11.81142881484169
-36.1,26.0,-5432.31,ETOPO_2022_v1_15s_bed_elev,1489.1259368973497,18.812035507464657
-36.0,26.0,-5390.34,ETOPO_2022_v1_15s_bed_elev,1499.12007070203,9.293952013780427
-35.9,26.0,-5246.54,ETOPO_2022_v1_15s_bed_elev,1509.1142045067104,13.681525850290825
-35.8,26.0,-5116.87,ETOPO_2022_v1_15s_bed_elev,1519.1083383113908,10.476645805058808
-35.7,26.0,-5037.13,ETOPO_2022_v1_15s_bed_elev,1529.1024721160707,3.8802762458354323
-35.6,26.0,-5039.31,ETOPO_2022_v1_15s_bed_elev,1539.0966059207508,-3.6651500486060513
-35.5,26.0,-5110.39,ETOPO_2022_v1_15s_bed_elev,1549.0907397254311,-7.669999371441577
-35.4,26.0,-5192.62,ETOPO_2022_v1_15s_bed_elev,1559.0848735301113,-6.261172926331682
-35.3,26.0,-5235.54,ETOPO_2022_v1_15s_bed_elev,1569.0790073347916,-3.273920545738349
-35.2,26.0,-5258.06,ETOPO_2022_v1_15s_bed_elev,1579.0731411394713,-3.9197994309076876
-35.1,26.0,-5313.89,ETOPO_2022_v1_15s_bed_elev,1589.0672749441514,-4.751787491354094
-35.0,26.0,-5353.04,ETOPO_2022_v1_15s_bed_elev,1599.0614087488323,-3.9172979634976963
